TABLE_NAME,COLUMN_NAME,DATA_TYPE,CONSTRAINT_NAME,SEARCH_CONDITION,
SILLETERIA,ID,NUMBER,SYS_C00119604,"""ID"" IS NOT NULL",
SILLETERIA,ID,NUMBER,SYS_C00119605,"""NOMBRE"" IS NOT NULL",
SILLETERIA,NOMBRE,VARCHAR2,SYS_C00119604,"""ID"" IS NOT NULL",
SILLETERIA,NOMBRE,VARCHAR2,SYS_C00119605,"""NOMBRE"" IS NOT NULL",
ROLES,ID,NUMBER,SYS_C00119607,"""ID"" IS NOT NULL",
ROLES,ID,NUMBER,SYS_C00119608,"""NOMBRE"" IS NOT NULL",
ROLES,NOMBRE,VARCHAR2,SYS_C00119607,"""ID"" IS NOT NULL",
ROLES,NOMBRE,VARCHAR2,SYS_C00119608,"""NOMBRE"" IS NOT NULL",
USUARIOS,ID,NUMBER,SYS_C00119610,"""ID"" IS NOT NULL",
USUARIOS,ID,NUMBER,SYS_C00119611,"""IDROL"" IS NOT NULL",
USUARIOS,ID,NUMBER,SYS_C00119612,"""NOMBRE"" IS NOT NULL",
USUARIOS,ID,NUMBER,SYS_C00119613,"""CONTRASENA"" IS NOT NULL",
USUARIOS,ID,NUMBER,SYS_C00119614,"""ACCES_TOKEN"" IS NOT NULL",
USUARIOS,IDROL,NUMBER,SYS_C00119610,"""ID"" IS NOT NULL",
USUARIOS,IDROL,NUMBER,SYS_C00119611,"""IDROL"" IS NOT NULL",
USUARIOS,IDROL,NUMBER,SYS_C00119612,"""NOMBRE"" IS NOT NULL",
USUARIOS,IDROL,NUMBER,SYS_C00119613,"""CONTRASENA"" IS NOT NULL",
USUARIOS,IDROL,NUMBER,SYS_C00119614,"""ACCES_TOKEN"" IS NOT NULL",
USUARIOS,NOMBRE,VARCHAR2,SYS_C00119610,"""ID"" IS NOT NULL",
USUARIOS,NOMBRE,VARCHAR2,SYS_C00119611,"""IDROL"" IS NOT NULL",
USUARIOS,NOMBRE,VARCHAR2,SYS_C00119612,"""NOMBRE"" IS NOT NULL",
USUARIOS,NOMBRE,VARCHAR2,SYS_C00119613,"""CONTRASENA"" IS NOT NULL",
USUARIOS,NOMBRE,VARCHAR2,SYS_C00119614,"""ACCES_TOKEN"" IS NOT NULL",
USUARIOS,CORREOELECTRONICO,VARCHAR2,SYS_C00119610,"""ID"" IS NOT NULL",
USUARIOS,CORREOELECTRONICO,VARCHAR2,SYS_C00119611,"""IDROL"" IS NOT NULL",
USUARIOS,CORREOELECTRONICO,VARCHAR2,SYS_C00119612,"""NOMBRE"" IS NOT NULL",
USUARIOS,CORREOELECTRONICO,VARCHAR2,SYS_C00119613,"""CONTRASENA"" IS NOT NULL",
USUARIOS,CORREOELECTRONICO,VARCHAR2,SYS_C00119614,"""ACCES_TOKEN"" IS NOT NULL",
USUARIOS,FECHANACIMIENTO,DATE,SYS_C00119610,"""ID"" IS NOT NULL",
USUARIOS,FECHANACIMIENTO,DATE,SYS_C00119611,"""IDROL"" IS NOT NULL",
USUARIOS,FECHANACIMIENTO,DATE,SYS_C00119612,"""NOMBRE"" IS NOT NULL",
USUARIOS,FECHANACIMIENTO,DATE,SYS_C00119613,"""CONTRASENA"" IS NOT NULL",
USUARIOS,FECHANACIMIENTO,DATE,SYS_C00119614,"""ACCES_TOKEN"" IS NOT NULL",
USUARIOS,CONTRASENA,VARCHAR2,SYS_C00119610,"""ID"" IS NOT NULL",
USUARIOS,CONTRASENA,VARCHAR2,SYS_C00119611,"""IDROL"" IS NOT NULL",
USUARIOS,CONTRASENA,VARCHAR2,SYS_C00119612,"""NOMBRE"" IS NOT NULL",
USUARIOS,CONTRASENA,VARCHAR2,SYS_C00119613,"""CONTRASENA"" IS NOT NULL",
USUARIOS,CONTRASENA,VARCHAR2,SYS_C00119614,"""ACCES_TOKEN"" IS NOT NULL",
USUARIOS,ACCES_TOKEN,VARCHAR2,SYS_C00119610,"""ID"" IS NOT NULL",
USUARIOS,ACCES_TOKEN,VARCHAR2,SYS_C00119611,"""IDROL"" IS NOT NULL",
USUARIOS,ACCES_TOKEN,VARCHAR2,SYS_C00119612,"""NOMBRE"" IS NOT NULL",
USUARIOS,ACCES_TOKEN,VARCHAR2,SYS_C00119613,"""CONTRASENA"" IS NOT NULL",
USUARIOS,ACCES_TOKEN,VARCHAR2,SYS_C00119614,"""ACCES_TOKEN"" IS NOT NULL",
SITIOS,ID,NUMBER,SYS_C00119617,"""ID"" IS NOT NULL",
SITIOS,ID,NUMBER,SYS_C00119618,"""NOMBRE"" IS NOT NULL",
SITIOS,ID,NUMBER,SYS_C00119619,"""ABIERTO"" IS NOT NULL",
SITIOS,ID,NUMBER,SYS_C00119620,"""PROTECCIONLLUVIA"" IS NOT NULL",
SITIOS,ID,NUMBER,SYS_C00119621,"""HORAAPERTURA"" IS NOT NULL",
SITIOS,ID,NUMBER,SYS_C00119622,"""HORACIERRE"" IS NOT NULL",
SITIOS,ID,NUMBER,SYS_C00119623,"""IDSILLETERIA"" IS NOT NULL",
SITIOS,ID,NUMBER,SYS_C00119624,"ABIERTO in ('N','Y')",
SITIOS,ID,NUMBER,SYS_C00119625,"PROTECCIONLLUVIA in ('N','Y')",
SITIOS,ID,NUMBER,SITIOS2,HORAAPERTURA<HORACIERRE,
SITIOS,NOMBRE,VARCHAR2,SYS_C00119617,"""ID"" IS NOT NULL",
SITIOS,NOMBRE,VARCHAR2,SYS_C00119618,"""NOMBRE"" IS NOT NULL",
SITIOS,NOMBRE,VARCHAR2,SYS_C00119619,"""ABIERTO"" IS NOT NULL",
SITIOS,NOMBRE,VARCHAR2,SYS_C00119620,"""PROTECCIONLLUVIA"" IS NOT NULL",
SITIOS,NOMBRE,VARCHAR2,SYS_C00119621,"""HORAAPERTURA"" IS NOT NULL",
SITIOS,NOMBRE,VARCHAR2,SYS_C00119622,"""HORACIERRE"" IS NOT NULL",
SITIOS,NOMBRE,VARCHAR2,SYS_C00119623,"""IDSILLETERIA"" IS NOT NULL",
SITIOS,NOMBRE,VARCHAR2,SYS_C00119624,"ABIERTO in ('N','Y')",
SITIOS,NOMBRE,VARCHAR2,SYS_C00119625,"PROTECCIONLLUVIA in ('N','Y')",
SITIOS,NOMBRE,VARCHAR2,SITIOS2,HORAAPERTURA<HORACIERRE,
SITIOS,ABIERTO,CHAR,SYS_C00119617,"""ID"" IS NOT NULL",
SITIOS,ABIERTO,CHAR,SYS_C00119618,"""NOMBRE"" IS NOT NULL",
SITIOS,ABIERTO,CHAR,SYS_C00119619,"""ABIERTO"" IS NOT NULL",
SITIOS,ABIERTO,CHAR,SYS_C00119620,"""PROTECCIONLLUVIA"" IS NOT NULL",
SITIOS,ABIERTO,CHAR,SYS_C00119621,"""HORAAPERTURA"" IS NOT NULL",
SITIOS,ABIERTO,CHAR,SYS_C00119622,"""HORACIERRE"" IS NOT NULL",
SITIOS,ABIERTO,CHAR,SYS_C00119623,"""IDSILLETERIA"" IS NOT NULL",
SITIOS,ABIERTO,CHAR,SYS_C00119624,"ABIERTO in ('N','Y')",
SITIOS,ABIERTO,CHAR,SYS_C00119625,"PROTECCIONLLUVIA in ('N','Y')",
SITIOS,ABIERTO,CHAR,SITIOS2,HORAAPERTURA<HORACIERRE,
SITIOS,PROTECCIONLLUVIA,CHAR,SYS_C00119617,"""ID"" IS NOT NULL",
SITIOS,PROTECCIONLLUVIA,CHAR,SYS_C00119618,"""NOMBRE"" IS NOT NULL",
SITIOS,PROTECCIONLLUVIA,CHAR,SYS_C00119619,"""ABIERTO"" IS NOT NULL",
SITIOS,PROTECCIONLLUVIA,CHAR,SYS_C00119620,"""PROTECCIONLLUVIA"" IS NOT NULL",
SITIOS,PROTECCIONLLUVIA,CHAR,SYS_C00119621,"""HORAAPERTURA"" IS NOT NULL",
SITIOS,PROTECCIONLLUVIA,CHAR,SYS_C00119622,"""HORACIERRE"" IS NOT NULL",
SITIOS,PROTECCIONLLUVIA,CHAR,SYS_C00119623,"""IDSILLETERIA"" IS NOT NULL",
SITIOS,PROTECCIONLLUVIA,CHAR,SYS_C00119624,"ABIERTO in ('N','Y')",
SITIOS,PROTECCIONLLUVIA,CHAR,SYS_C00119625,"PROTECCIONLLUVIA in ('N','Y')",
SITIOS,PROTECCIONLLUVIA,CHAR,SITIOS2,HORAAPERTURA<HORACIERRE,
SITIOS,HORAAPERTURA,TIMESTAMP(6),SYS_C00119617,"""ID"" IS NOT NULL",
SITIOS,HORAAPERTURA,TIMESTAMP(6),SYS_C00119618,"""NOMBRE"" IS NOT NULL",
SITIOS,HORAAPERTURA,TIMESTAMP(6),SYS_C00119619,"""ABIERTO"" IS NOT NULL",
SITIOS,HORAAPERTURA,TIMESTAMP(6),SYS_C00119620,"""PROTECCIONLLUVIA"" IS NOT NULL",
SITIOS,HORAAPERTURA,TIMESTAMP(6),SYS_C00119621,"""HORAAPERTURA"" IS NOT NULL",
SITIOS,HORAAPERTURA,TIMESTAMP(6),SYS_C00119622,"""HORACIERRE"" IS NOT NULL",
SITIOS,HORAAPERTURA,TIMESTAMP(6),SYS_C00119623,"""IDSILLETERIA"" IS NOT NULL",
SITIOS,HORAAPERTURA,TIMESTAMP(6),SYS_C00119624,"ABIERTO in ('N','Y')",
SITIOS,HORAAPERTURA,TIMESTAMP(6),SYS_C00119625,"PROTECCIONLLUVIA in ('N','Y')",
SITIOS,HORAAPERTURA,TIMESTAMP(6),SITIOS2,HORAAPERTURA<HORACIERRE,
SITIOS,HORACIERRE,TIMESTAMP(6),SYS_C00119617,"""ID"" IS NOT NULL",
SITIOS,HORACIERRE,TIMESTAMP(6),SYS_C00119618,"""NOMBRE"" IS NOT NULL",
SITIOS,HORACIERRE,TIMESTAMP(6),SYS_C00119619,"""ABIERTO"" IS NOT NULL",
SITIOS,HORACIERRE,TIMESTAMP(6),SYS_C00119620,"""PROTECCIONLLUVIA"" IS NOT NULL",
SITIOS,HORACIERRE,TIMESTAMP(6),SYS_C00119621,"""HORAAPERTURA"" IS NOT NULL",
SITIOS,HORACIERRE,TIMESTAMP(6),SYS_C00119622,"""HORACIERRE"" IS NOT NULL",
SITIOS,HORACIERRE,TIMESTAMP(6),SYS_C00119623,"""IDSILLETERIA"" IS NOT NULL",
SITIOS,HORACIERRE,TIMESTAMP(6),SYS_C00119624,"ABIERTO in ('N','Y')",
SITIOS,HORACIERRE,TIMESTAMP(6),SYS_C00119625,"PROTECCIONLLUVIA in ('N','Y')",
SITIOS,HORACIERRE,TIMESTAMP(6),SITIOS2,HORAAPERTURA<HORACIERRE,
SITIOS,IDSILLETERIA,NUMBER,SYS_C00119617,"""ID"" IS NOT NULL",
SITIOS,IDSILLETERIA,NUMBER,SYS_C00119618,"""NOMBRE"" IS NOT NULL",
SITIOS,IDSILLETERIA,NUMBER,SYS_C00119619,"""ABIERTO"" IS NOT NULL",
SITIOS,IDSILLETERIA,NUMBER,SYS_C00119620,"""PROTECCIONLLUVIA"" IS NOT NULL",
SITIOS,IDSILLETERIA,NUMBER,SYS_C00119621,"""HORAAPERTURA"" IS NOT NULL",
SITIOS,IDSILLETERIA,NUMBER,SYS_C00119622,"""HORACIERRE"" IS NOT NULL",
SITIOS,IDSILLETERIA,NUMBER,SYS_C00119623,"""IDSILLETERIA"" IS NOT NULL",
SITIOS,IDSILLETERIA,NUMBER,SYS_C00119624,"ABIERTO in ('N','Y')",
SITIOS,IDSILLETERIA,NUMBER,SYS_C00119625,"PROTECCIONLLUVIA in ('N','Y')",
SITIOS,IDSILLETERIA,NUMBER,SITIOS2,HORAAPERTURA<HORACIERRE,
COMPANIASTEATRO,ID,NUMBER,SYS_C00119629,"""ID"" IS NOT NULL",
COMPANIASTEATRO,ID,NUMBER,SYS_C00119630,"""NOMBRE"" IS NOT NULL",
COMPANIASTEATRO,ID,NUMBER,SYS_C00119631,"""FECHALLEGADA"" IS NOT NULL",
COMPANIASTEATRO,ID,NUMBER,SYS_C00119632,"""FECHASALIDA"" IS NOT NULL",
COMPANIASTEATRO,ID,NUMBER,SYS_C00119633,"""IDREPRESENTANTE"" IS NOT NULL",
COMPANIASTEATRO,ID,NUMBER,COMPANIASTEATRO2,FECHASALIDA> FECHALLEGADA,
COMPANIASTEATRO,NOMBRE,VARCHAR2,SYS_C00119629,"""ID"" IS NOT NULL",
COMPANIASTEATRO,NOMBRE,VARCHAR2,SYS_C00119630,"""NOMBRE"" IS NOT NULL",
COMPANIASTEATRO,NOMBRE,VARCHAR2,SYS_C00119631,"""FECHALLEGADA"" IS NOT NULL",
COMPANIASTEATRO,NOMBRE,VARCHAR2,SYS_C00119632,"""FECHASALIDA"" IS NOT NULL",
COMPANIASTEATRO,NOMBRE,VARCHAR2,SYS_C00119633,"""IDREPRESENTANTE"" IS NOT NULL",
COMPANIASTEATRO,NOMBRE,VARCHAR2,COMPANIASTEATRO2,FECHASALIDA> FECHALLEGADA,
COMPANIASTEATRO,PAISORIGEN,VARCHAR2,SYS_C00119629,"""ID"" IS NOT NULL",
COMPANIASTEATRO,PAISORIGEN,VARCHAR2,SYS_C00119630,"""NOMBRE"" IS NOT NULL",
COMPANIASTEATRO,PAISORIGEN,VARCHAR2,SYS_C00119631,"""FECHALLEGADA"" IS NOT NULL",
COMPANIASTEATRO,PAISORIGEN,VARCHAR2,SYS_C00119632,"""FECHASALIDA"" IS NOT NULL",
COMPANIASTEATRO,PAISORIGEN,VARCHAR2,SYS_C00119633,"""IDREPRESENTANTE"" IS NOT NULL",
COMPANIASTEATRO,PAISORIGEN,VARCHAR2,COMPANIASTEATRO2,FECHASALIDA> FECHALLEGADA,
COMPANIASTEATRO,URLPAGINA,VARCHAR2,SYS_C00119629,"""ID"" IS NOT NULL",
COMPANIASTEATRO,URLPAGINA,VARCHAR2,SYS_C00119630,"""NOMBRE"" IS NOT NULL",
COMPANIASTEATRO,URLPAGINA,VARCHAR2,SYS_C00119631,"""FECHALLEGADA"" IS NOT NULL",
COMPANIASTEATRO,URLPAGINA,VARCHAR2,SYS_C00119632,"""FECHASALIDA"" IS NOT NULL",
COMPANIASTEATRO,URLPAGINA,VARCHAR2,SYS_C00119633,"""IDREPRESENTANTE"" IS NOT NULL",
COMPANIASTEATRO,URLPAGINA,VARCHAR2,COMPANIASTEATRO2,FECHASALIDA> FECHALLEGADA,
COMPANIASTEATRO,FECHALLEGADA,DATE,SYS_C00119629,"""ID"" IS NOT NULL",
COMPANIASTEATRO,FECHALLEGADA,DATE,SYS_C00119630,"""NOMBRE"" IS NOT NULL",
COMPANIASTEATRO,FECHALLEGADA,DATE,SYS_C00119631,"""FECHALLEGADA"" IS NOT NULL",
COMPANIASTEATRO,FECHALLEGADA,DATE,SYS_C00119632,"""FECHASALIDA"" IS NOT NULL",
COMPANIASTEATRO,FECHALLEGADA,DATE,SYS_C00119633,"""IDREPRESENTANTE"" IS NOT NULL",
COMPANIASTEATRO,FECHALLEGADA,DATE,COMPANIASTEATRO2,FECHASALIDA> FECHALLEGADA,
COMPANIASTEATRO,FECHASALIDA,DATE,SYS_C00119629,"""ID"" IS NOT NULL",
COMPANIASTEATRO,FECHASALIDA,DATE,SYS_C00119630,"""NOMBRE"" IS NOT NULL",
COMPANIASTEATRO,FECHASALIDA,DATE,SYS_C00119631,"""FECHALLEGADA"" IS NOT NULL",
COMPANIASTEATRO,FECHASALIDA,DATE,SYS_C00119632,"""FECHASALIDA"" IS NOT NULL",
COMPANIASTEATRO,FECHASALIDA,DATE,SYS_C00119633,"""IDREPRESENTANTE"" IS NOT NULL",
COMPANIASTEATRO,FECHASALIDA,DATE,COMPANIASTEATRO2,FECHASALIDA> FECHALLEGADA,
COMPANIASTEATRO,IDREPRESENTANTE,NUMBER,SYS_C00119629,"""ID"" IS NOT NULL",
COMPANIASTEATRO,IDREPRESENTANTE,NUMBER,SYS_C00119630,"""NOMBRE"" IS NOT NULL",
COMPANIASTEATRO,IDREPRESENTANTE,NUMBER,SYS_C00119631,"""FECHALLEGADA"" IS NOT NULL",
COMPANIASTEATRO,IDREPRESENTANTE,NUMBER,SYS_C00119632,"""FECHASALIDA"" IS NOT NULL",
COMPANIASTEATRO,IDREPRESENTANTE,NUMBER,SYS_C00119633,"""IDREPRESENTANTE"" IS NOT NULL",
COMPANIASTEATRO,IDREPRESENTANTE,NUMBER,COMPANIASTEATRO2,FECHASALIDA> FECHALLEGADA,
ESPECTACULOS,ID,NUMBER,SYS_C00119638,"""ID"" IS NOT NULL",
ESPECTACULOS,ID,NUMBER,SYS_C00119639,"""NOMBRE"" IS NOT NULL",
ESPECTACULOS,ID,NUMBER,SYS_C00119640,"""DURACION"" IS NOT NULL",
ESPECTACULOS,ID,NUMBER,SYS_C00119641,"""IDIOMA"" IS NOT NULL",
ESPECTACULOS,ID,NUMBER,SYS_C00119642,"""COSTO"" IS NOT NULL",
ESPECTACULOS,NOMBRE,VARCHAR2,SYS_C00119638,"""ID"" IS NOT NULL",
ESPECTACULOS,NOMBRE,VARCHAR2,SYS_C00119639,"""NOMBRE"" IS NOT NULL",
ESPECTACULOS,NOMBRE,VARCHAR2,SYS_C00119640,"""DURACION"" IS NOT NULL",
ESPECTACULOS,NOMBRE,VARCHAR2,SYS_C00119641,"""IDIOMA"" IS NOT NULL",
ESPECTACULOS,NOMBRE,VARCHAR2,SYS_C00119642,"""COSTO"" IS NOT NULL",
ESPECTACULOS,DURACION,NUMBER,SYS_C00119638,"""ID"" IS NOT NULL",
ESPECTACULOS,DURACION,NUMBER,SYS_C00119639,"""NOMBRE"" IS NOT NULL",
ESPECTACULOS,DURACION,NUMBER,SYS_C00119640,"""DURACION"" IS NOT NULL",
ESPECTACULOS,DURACION,NUMBER,SYS_C00119641,"""IDIOMA"" IS NOT NULL",
ESPECTACULOS,DURACION,NUMBER,SYS_C00119642,"""COSTO"" IS NOT NULL",
ESPECTACULOS,IDIOMA,VARCHAR2,SYS_C00119638,"""ID"" IS NOT NULL",
ESPECTACULOS,IDIOMA,VARCHAR2,SYS_C00119639,"""NOMBRE"" IS NOT NULL",
ESPECTACULOS,IDIOMA,VARCHAR2,SYS_C00119640,"""DURACION"" IS NOT NULL",
ESPECTACULOS,IDIOMA,VARCHAR2,SYS_C00119641,"""IDIOMA"" IS NOT NULL",
ESPECTACULOS,IDIOMA,VARCHAR2,SYS_C00119642,"""COSTO"" IS NOT NULL",
ESPECTACULOS,COSTO,BINARY_DOUBLE,SYS_C00119638,"""ID"" IS NOT NULL",
ESPECTACULOS,COSTO,BINARY_DOUBLE,SYS_C00119639,"""NOMBRE"" IS NOT NULL",
ESPECTACULOS,COSTO,BINARY_DOUBLE,SYS_C00119640,"""DURACION"" IS NOT NULL",
ESPECTACULOS,COSTO,BINARY_DOUBLE,SYS_C00119641,"""IDIOMA"" IS NOT NULL",
ESPECTACULOS,COSTO,BINARY_DOUBLE,SYS_C00119642,"""COSTO"" IS NOT NULL",
ESPECTACULOS,DESCRIPCION,VARCHAR2,SYS_C00119638,"""ID"" IS NOT NULL",
ESPECTACULOS,DESCRIPCION,VARCHAR2,SYS_C00119639,"""NOMBRE"" IS NOT NULL",
ESPECTACULOS,DESCRIPCION,VARCHAR2,SYS_C00119640,"""DURACION"" IS NOT NULL",
ESPECTACULOS,DESCRIPCION,VARCHAR2,SYS_C00119641,"""IDIOMA"" IS NOT NULL",
ESPECTACULOS,DESCRIPCION,VARCHAR2,SYS_C00119642,"""COSTO"" IS NOT NULL",
FUNCIONES,ID,NUMBER,SYS_C00119644,"""ID"" IS NOT NULL",
FUNCIONES,ID,NUMBER,SYS_C00119645,"""FECHA"" IS NOT NULL",
FUNCIONES,ID,NUMBER,SYS_C00119646,"""IDESPECTACULO"" IS NOT NULL",
FUNCIONES,ID,NUMBER,SYS_C00119647,"""IDSITIO"" IS NOT NULL",
FUNCIONES,ID,NUMBER,SYS_C00119648,"REALIZADO in ('N','Y')",
FUNCIONES,FECHA,TIMESTAMP(6),SYS_C00119644,"""ID"" IS NOT NULL",
FUNCIONES,FECHA,TIMESTAMP(6),SYS_C00119645,"""FECHA"" IS NOT NULL",
FUNCIONES,FECHA,TIMESTAMP(6),SYS_C00119646,"""IDESPECTACULO"" IS NOT NULL",
FUNCIONES,FECHA,TIMESTAMP(6),SYS_C00119647,"""IDSITIO"" IS NOT NULL",
FUNCIONES,FECHA,TIMESTAMP(6),SYS_C00119648,"REALIZADO in ('N','Y')",
FUNCIONES,REALIZADO,CHAR,SYS_C00119644,"""ID"" IS NOT NULL",
FUNCIONES,REALIZADO,CHAR,SYS_C00119645,"""FECHA"" IS NOT NULL",
FUNCIONES,REALIZADO,CHAR,SYS_C00119646,"""IDESPECTACULO"" IS NOT NULL",
FUNCIONES,REALIZADO,CHAR,SYS_C00119647,"""IDSITIO"" IS NOT NULL",
FUNCIONES,REALIZADO,CHAR,SYS_C00119648,"REALIZADO in ('N','Y')",
FUNCIONES,IDESPECTACULO,NUMBER,SYS_C00119644,"""ID"" IS NOT NULL",
FUNCIONES,IDESPECTACULO,NUMBER,SYS_C00119645,"""FECHA"" IS NOT NULL",
FUNCIONES,IDESPECTACULO,NUMBER,SYS_C00119646,"""IDESPECTACULO"" IS NOT NULL",
FUNCIONES,IDESPECTACULO,NUMBER,SYS_C00119647,"""IDSITIO"" IS NOT NULL",
FUNCIONES,IDESPECTACULO,NUMBER,SYS_C00119648,"REALIZADO in ('N','Y')",
FUNCIONES,IDSITIO,NUMBER,SYS_C00119644,"""ID"" IS NOT NULL",
FUNCIONES,IDSITIO,NUMBER,SYS_C00119645,"""FECHA"" IS NOT NULL",
FUNCIONES,IDSITIO,NUMBER,SYS_C00119646,"""IDESPECTACULO"" IS NOT NULL",
FUNCIONES,IDSITIO,NUMBER,SYS_C00119647,"""IDSITIO"" IS NOT NULL",
FUNCIONES,IDSITIO,NUMBER,SYS_C00119648,"REALIZADO in ('N','Y')",
LOCALIDADES,ID,NUMBER,SYS_C00119655,"""ID"" IS NOT NULL",
LOCALIDADES,ID,NUMBER,SYS_C00119656,"""TIPO"" IS NOT NULL",
LOCALIDADES,ID,NUMBER,SYS_C00119657,"""NUMERODEPUESTOS"" IS NOT NULL",
LOCALIDADES,ID,NUMBER,SYS_C00119658,"""PRECIO"" IS NOT NULL",
LOCALIDADES,ID,NUMBER,SYS_C00119659,"ESNUMERADA in ('N','Y')",
LOCALIDADES,TIPO,VARCHAR2,SYS_C00119655,"""ID"" IS NOT NULL",
LOCALIDADES,TIPO,VARCHAR2,SYS_C00119656,"""TIPO"" IS NOT NULL",
LOCALIDADES,TIPO,VARCHAR2,SYS_C00119657,"""NUMERODEPUESTOS"" IS NOT NULL",
LOCALIDADES,TIPO,VARCHAR2,SYS_C00119658,"""PRECIO"" IS NOT NULL",
LOCALIDADES,TIPO,VARCHAR2,SYS_C00119659,"ESNUMERADA in ('N','Y')",
LOCALIDADES,ESNUMERADA,CHAR,SYS_C00119655,"""ID"" IS NOT NULL",
LOCALIDADES,ESNUMERADA,CHAR,SYS_C00119656,"""TIPO"" IS NOT NULL",
LOCALIDADES,ESNUMERADA,CHAR,SYS_C00119657,"""NUMERODEPUESTOS"" IS NOT NULL",
LOCALIDADES,ESNUMERADA,CHAR,SYS_C00119658,"""PRECIO"" IS NOT NULL",
LOCALIDADES,ESNUMERADA,CHAR,SYS_C00119659,"ESNUMERADA in ('N','Y')",
LOCALIDADES,NUMERODEPUESTOS,NUMBER,SYS_C00119655,"""ID"" IS NOT NULL",
LOCALIDADES,NUMERODEPUESTOS,NUMBER,SYS_C00119656,"""TIPO"" IS NOT NULL",
LOCALIDADES,NUMERODEPUESTOS,NUMBER,SYS_C00119657,"""NUMERODEPUESTOS"" IS NOT NULL",
LOCALIDADES,NUMERODEPUESTOS,NUMBER,SYS_C00119658,"""PRECIO"" IS NOT NULL",
LOCALIDADES,NUMERODEPUESTOS,NUMBER,SYS_C00119659,"ESNUMERADA in ('N','Y')",
LOCALIDADES,FILAS,NUMBER,SYS_C00119655,"""ID"" IS NOT NULL",
LOCALIDADES,FILAS,NUMBER,SYS_C00119656,"""TIPO"" IS NOT NULL",
LOCALIDADES,FILAS,NUMBER,SYS_C00119657,"""NUMERODEPUESTOS"" IS NOT NULL",
LOCALIDADES,FILAS,NUMBER,SYS_C00119658,"""PRECIO"" IS NOT NULL",
LOCALIDADES,FILAS,NUMBER,SYS_C00119659,"ESNUMERADA in ('N','Y')",
LOCALIDADES,SILLASPORFILA,NUMBER,SYS_C00119655,"""ID"" IS NOT NULL",
LOCALIDADES,SILLASPORFILA,NUMBER,SYS_C00119656,"""TIPO"" IS NOT NULL",
LOCALIDADES,SILLASPORFILA,NUMBER,SYS_C00119657,"""NUMERODEPUESTOS"" IS NOT NULL",
LOCALIDADES,SILLASPORFILA,NUMBER,SYS_C00119658,"""PRECIO"" IS NOT NULL",
LOCALIDADES,SILLASPORFILA,NUMBER,SYS_C00119659,"ESNUMERADA in ('N','Y')",
LOCALIDADES,PRECIO,BINARY_DOUBLE,SYS_C00119655,"""ID"" IS NOT NULL",
LOCALIDADES,PRECIO,BINARY_DOUBLE,SYS_C00119656,"""TIPO"" IS NOT NULL",
LOCALIDADES,PRECIO,BINARY_DOUBLE,SYS_C00119657,"""NUMERODEPUESTOS"" IS NOT NULL",
LOCALIDADES,PRECIO,BINARY_DOUBLE,SYS_C00119658,"""PRECIO"" IS NOT NULL",
LOCALIDADES,PRECIO,BINARY_DOUBLE,SYS_C00119659,"ESNUMERADA in ('N','Y')",
ABONAMIENTOS,ID,NUMBER,SYS_C00119661,"""ID"" IS NOT NULL",
ABONAMIENTOS,ID,NUMBER,SYS_C00119662,"""IDUSUARIO"" IS NOT NULL",
ABONAMIENTOS,IDUSUARIO,NUMBER,SYS_C00119661,"""ID"" IS NOT NULL",
ABONAMIENTOS,IDUSUARIO,NUMBER,SYS_C00119662,"""IDUSUARIO"" IS NOT NULL",
BOLETAS,ID,NUMBER,SYS_C00119665,"""ID"" IS NOT NULL",
BOLETAS,ID,NUMBER,SYS_C00119666,"""IDLOCALIDAD"" IS NOT NULL",
BOLETAS,ID,NUMBER,SYS_C00119667,"""IDFUNCION"" IS NOT NULL",
BOLETAS,ID,NUMBER,SYS_C00119668,"VENDIDO in ('N','Y')",
BOLETAS,VENDIDO,CHAR,SYS_C00119665,"""ID"" IS NOT NULL",
BOLETAS,VENDIDO,CHAR,SYS_C00119666,"""IDLOCALIDAD"" IS NOT NULL",
BOLETAS,VENDIDO,CHAR,SYS_C00119667,"""IDFUNCION"" IS NOT NULL",
BOLETAS,VENDIDO,CHAR,SYS_C00119668,"VENDIDO in ('N','Y')",
BOLETAS,FILA,NUMBER,SYS_C00119665,"""ID"" IS NOT NULL",
BOLETAS,FILA,NUMBER,SYS_C00119666,"""IDLOCALIDAD"" IS NOT NULL",
BOLETAS,FILA,NUMBER,SYS_C00119667,"""IDFUNCION"" IS NOT NULL",
BOLETAS,FILA,NUMBER,SYS_C00119668,"VENDIDO in ('N','Y')",
BOLETAS,SILLA,NUMBER,SYS_C00119665,"""ID"" IS NOT NULL",
BOLETAS,SILLA,NUMBER,SYS_C00119666,"""IDLOCALIDAD"" IS NOT NULL",
BOLETAS,SILLA,NUMBER,SYS_C00119667,"""IDFUNCION"" IS NOT NULL",
BOLETAS,SILLA,NUMBER,SYS_C00119668,"VENDIDO in ('N','Y')",
BOLETAS,IDLOCALIDAD,NUMBER,SYS_C00119665,"""ID"" IS NOT NULL",
BOLETAS,IDLOCALIDAD,NUMBER,SYS_C00119666,"""IDLOCALIDAD"" IS NOT NULL",
BOLETAS,IDLOCALIDAD,NUMBER,SYS_C00119667,"""IDFUNCION"" IS NOT NULL",
BOLETAS,IDLOCALIDAD,NUMBER,SYS_C00119668,"VENDIDO in ('N','Y')",
BOLETAS,IDFUNCION,NUMBER,SYS_C00119665,"""ID"" IS NOT NULL",
BOLETAS,IDFUNCION,NUMBER,SYS_C00119666,"""IDLOCALIDAD"" IS NOT NULL",
BOLETAS,IDFUNCION,NUMBER,SYS_C00119667,"""IDFUNCION"" IS NOT NULL",
BOLETAS,IDFUNCION,NUMBER,SYS_C00119668,"VENDIDO in ('N','Y')",
BOLETAS,IDUSUARIO,NUMBER,SYS_C00119665,"""ID"" IS NOT NULL",
BOLETAS,IDUSUARIO,NUMBER,SYS_C00119666,"""IDLOCALIDAD"" IS NOT NULL",
BOLETAS,IDUSUARIO,NUMBER,SYS_C00119667,"""IDFUNCION"" IS NOT NULL",
BOLETAS,IDUSUARIO,NUMBER,SYS_C00119668,"VENDIDO in ('N','Y')",
BOLETAS,IDABONAMIENTO,NUMBER,SYS_C00119665,"""ID"" IS NOT NULL",
BOLETAS,IDABONAMIENTO,NUMBER,SYS_C00119666,"""IDLOCALIDAD"" IS NOT NULL",
BOLETAS,IDABONAMIENTO,NUMBER,SYS_C00119667,"""IDFUNCION"" IS NOT NULL",
BOLETAS,IDABONAMIENTO,NUMBER,SYS_C00119668,"VENDIDO in ('N','Y')",
REQUERIMIENTOSTECNICOS,ID,NUMBER,SYS_C00119674,"""ID"" IS NOT NULL",
REQUERIMIENTOSTECNICOS,ID,NUMBER,SYS_C00119675,"""NOMBRE"" IS NOT NULL",
REQUERIMIENTOSTECNICOS,NOMBRE,VARCHAR2,SYS_C00119674,"""ID"" IS NOT NULL",
REQUERIMIENTOSTECNICOS,NOMBRE,VARCHAR2,SYS_C00119675,"""NOMBRE"" IS NOT NULL",
APTOS,ID,NUMBER,SYS_C00119677,"""ID"" IS NOT NULL",
APTOS,ID,NUMBER,SYS_C00119678,"""NOMBRE"" IS NOT NULL",
APTOS,NOMBRE,VARCHAR2,SYS_C00119677,"""ID"" IS NOT NULL",
APTOS,NOMBRE,VARCHAR2,SYS_C00119678,"""NOMBRE"" IS NOT NULL",
CATEGORIAS,ID,NUMBER,SYS_C00119680,"""ID"" IS NOT NULL",
CATEGORIAS,ID,NUMBER,SYS_C00119681,"""NOMBRE"" IS NOT NULL",
CATEGORIAS,NOMBRE,VARCHAR2,SYS_C00119680,"""ID"" IS NOT NULL",
CATEGORIAS,NOMBRE,VARCHAR2,SYS_C00119681,"""NOMBRE"" IS NOT NULL",
PRESENTAN,IDCOMPANIA,NUMBER,SYS_C00119683,"""IDCOMPANIA"" IS NOT NULL",
PRESENTAN,IDCOMPANIA,NUMBER,SYS_C00119684,"""IDESPECTACULO"" IS NOT NULL",
PRESENTAN,IDESPECTACULO,NUMBER,SYS_C00119683,"""IDCOMPANIA"" IS NOT NULL",
PRESENTAN,IDESPECTACULO,NUMBER,SYS_C00119684,"""IDESPECTACULO"" IS NOT NULL",
REQUIERE,IDESPECTACULO,NUMBER,SYS_C00119688,"""IDESPECTACULO"" IS NOT NULL",
REQUIERE,IDESPECTACULO,NUMBER,SYS_C00119689,"""IDREQUERIMIENTO"" IS NOT NULL",
REQUIERE,IDREQUERIMIENTO,NUMBER,SYS_C00119688,"""IDESPECTACULO"" IS NOT NULL",
REQUIERE,IDREQUERIMIENTO,NUMBER,SYS_C00119689,"""IDREQUERIMIENTO"" IS NOT NULL",
HACEPARTE,IDESPECTACULO,NUMBER,SYS_C00119698,"""IDESPECTACULO"" IS NOT NULL",
HACEPARTE,IDESPECTACULO,NUMBER,SYS_C00119699,"""IDCATEGORIA"" IS NOT NULL",
HACEPARTE,IDCATEGORIA,NUMBER,SYS_C00119698,"""IDESPECTACULO"" IS NOT NULL",
HACEPARTE,IDCATEGORIA,NUMBER,SYS_C00119699,"""IDCATEGORIA"" IS NOT NULL",
SECOMPONEDE,IDSITIO,NUMBER,SYS_C00119718,"""IDSITIO"" IS NOT NULL",
SECOMPONEDE,IDSITIO,NUMBER,SYS_C00119719,"""IDLOCALIDAD"" IS NOT NULL",
SECOMPONEDE,IDLOCALIDAD,NUMBER,SYS_C00119718,"""IDSITIO"" IS NOT NULL",
SECOMPONEDE,IDLOCALIDAD,NUMBER,SYS_C00119719,"""IDLOCALIDAD"" IS NOT NULL",
SILLASRESERVAS,IDRESERVA,NUMBER,SYS_C00104584,"""IDRESERVA"" IS NOT NULL",
PRESTA,IDREQUERIMIENTO,NUMBER,SYS_C00119693,"""IDREQUERIMIENTO"" IS NOT NULL",
PRESTA,IDREQUERIMIENTO,NUMBER,SYS_C00119694,"""IDSITIO"" IS NOT NULL",
RESERVAS,IDCLIENTE,NUMBER,CK_R_ESTADO,"estado 
IN ('Reserva','Compra')",
CERTIFICADOSDEDEVOLUCION,IDBOLETA,NUMBER,SYS_C00119742,"""ID"" IS NOT NULL",
CERTIFICADOSDEDEVOLUCION,IDBOLETA,NUMBER,SYS_C00119743,"""IDUSUARIO"" IS NOT NULL",
CERTIFICADOSDEDEVOLUCION,IDBOLETA,NUMBER,SYS_C00119744,"""VALOR"" IS NOT NULL",
CERTIFICADOSDEDEVOLUCION,IDBOLETA,NUMBER,SYS_C00119745,VALOR >0,
SILLASRESERVAS,IDFUNCION,NUMBER,SYS_C00104584,"""IDRESERVA"" IS NOT NULL",
PREFERENCIACATEGORIA,IDCATEGORIA,NUMBER,SYS_C00119703,"""IDCATEGORIA"" IS NOT NULL",
PREFERENCIACATEGORIA,IDCATEGORIA,NUMBER,SYS_C00119704,"""IDUSUARIO"" IS NOT NULL",
CERTIFICADOSDEDEVOLUCION,IDUSUARIO,NUMBER,SYS_C00119742,"""ID"" IS NOT NULL",
CERTIFICADOSDEDEVOLUCION,IDUSUARIO,NUMBER,SYS_C00119743,"""IDUSUARIO"" IS NOT NULL",
CERTIFICADOSDEDEVOLUCION,IDUSUARIO,NUMBER,SYS_C00119744,"""VALOR"" IS NOT NULL",
CERTIFICADOSDEDEVOLUCION,IDUSUARIO,NUMBER,SYS_C00119745,VALOR >0,
DURACION,FECHAINICIO,DATE,SYS_C00119652,"""ID"" IS NOT NULL",
DURACION,FECHAINICIO,DATE,DURACION2,FECHAINICIO<FECHAFIN,
ESPARA,IDSITIO,NUMBER,SYS_C00119713,"""IDSITIO"" IS NOT NULL",
ESPARA,IDSITIO,NUMBER,SYS_C00119714,"""IDAPTOS"" IS NOT NULL",
PREFERENCIASITIO,IDUSUARIO,NUMBER,SYS_C00119708,"""IDSITIO"" IS NOT NULL",
PREFERENCIASITIO,IDUSUARIO,NUMBER,SYS_C00119709,"""IDUSUARIO"" IS NOT NULL",
CERTIFICADOSDEDEVOLUCION,ID,NUMBER,SYS_C00119742,"""ID"" IS NOT NULL",
CERTIFICADOSDEDEVOLUCION,ID,NUMBER,SYS_C00119743,"""IDUSUARIO"" IS NOT NULL",
CERTIFICADOSDEDEVOLUCION,ID,NUMBER,SYS_C00119744,"""VALOR"" IS NOT NULL",
CERTIFICADOSDEDEVOLUCION,ID,NUMBER,SYS_C00119745,VALOR >0,
RESERVAS,IDRESERVA,NUMBER,CK_R_ESTADO,"estado 
IN ('Reserva','Compra')",
RESERVAS,IDFUNCION,NUMBER,CK_R_ESTADO,"estado 
IN ('Reserva','Compra')",
SILLASRESERVAS,IDSILLA,VARCHAR2,SYS_C00104584,"""IDRESERVA"" IS NOT NULL",
CERTIFICADOSDEDEVOLUCION,VALOR,BINARY_DOUBLE,SYS_C00119742,"""ID"" IS NOT NULL",
CERTIFICADOSDEDEVOLUCION,VALOR,BINARY_DOUBLE,SYS_C00119743,"""IDUSUARIO"" IS NOT NULL",
CERTIFICADOSDEDEVOLUCION,VALOR,BINARY_DOUBLE,SYS_C00119744,"""VALOR"" IS NOT NULL",
CERTIFICADOSDEDEVOLUCION,VALOR,BINARY_DOUBLE,SYS_C00119745,VALOR >0,
PREFERENCIACATEGORIA,IDUSUARIO,NUMBER,SYS_C00119703,"""IDCATEGORIA"" IS NOT NULL",
PREFERENCIACATEGORIA,IDUSUARIO,NUMBER,SYS_C00119704,"""IDUSUARIO"" IS NOT NULL",
PREFERENCIASITIO,IDSITIO,NUMBER,SYS_C00119708,"""IDSITIO"" IS NOT NULL",
PREFERENCIASITIO,IDSITIO,NUMBER,SYS_C00119709,"""IDUSUARIO"" IS NOT NULL",
ESPARA,IDAPTOS,NUMBER,SYS_C00119713,"""IDSITIO"" IS NOT NULL",
ESPARA,IDAPTOS,NUMBER,SYS_C00119714,"""IDAPTOS"" IS NOT NULL",
RESERVAS,FECHA,DATE,CK_R_ESTADO,"estado 
IN ('Reserva','Compra')",
RESERVAS,ESTADO,VARCHAR2,CK_R_ESTADO,"estado 
IN ('Reserva','Compra')",
PRESTA,IDSITIO,NUMBER,SYS_C00119693,"""IDREQUERIMIENTO"" IS NOT NULL",
PRESTA,IDSITIO,NUMBER,SYS_C00119694,"""IDSITIO"" IS NOT NULL",
DURACION,ID,NUMBER,SYS_C00119652,"""ID"" IS NOT NULL",
DURACION,ID,NUMBER,DURACION2,FECHAINICIO<FECHAFIN,
DURACION,FECHAFIN,DATE,SYS_C00119652,"""ID"" IS NOT NULL",
DURACION,FECHAFIN,DATE,DURACION2,FECHAINICIO<FECHAFIN,
